Time,root.test.g_0.d_0.s_20
1640966401000,"TEk8Ko8j44"
1640966402000,"w8IBGIei1L"
1640966403000,"fqbaKAHLYu"
1640966404000,"9GgUOp1Mok"
1640966405000,"59hONmOZe2"
1640966406000,"z07nBGe5Rl"
1640966407000,"jlpBxlrj6f"
1640966408000,"U6QlAasOh1"
1640966409000,"sOvShTZgH8"
1640966410000,"0GBmZbvqvW"
1640966411000,"uiSNFMCeV9"
1640966412000,"ZAevl2hVcn"
1640966413000,"Jy7Vgc9EIT"
1640966414000,"oWJOsGpdxL"
1640966415000,"By1134BWmb"
1640966416000,"FokdF6w4xm"
1640966417000,"wv8mSm5ptM"
1640966418000,"CX2K65Ke3W"
1640966419000,"7M4ZbVFj9M"
1640966420000,"AvmM8l8VrW"
1640966421000,"LgezLbYUX5"
1640966422000,"Q9kA4C7AtL"
1640966423000,"AnlckAeedg"
1640966424000,"lnzTYnCIo8"
1640966425000,"b443k5HUJz"
1640966426000,"GlGTcHcxl1"
1640966427000,"rqHDsIzw0T"
1640966428000,"ZwgFLPqc3J"
1640966429000,"de7JDqtQij"
1640966430000,"NT6SF3Cmyp"
1640966431000,"0MraDOMMOF"
1640966432000,"7taZYpCJ9Q"
1640966433000,"0WDpC6TBHp"
1640966434000,"mUIu81EOLv"
1640966435000,"L3mhM04jPJ"
1640966436000,"tW1MMCksZp"
1640966437000,"09Jh1WF46L"
1640966438000,"3GgqeSWInS"
1640966439000,"NTJSOxDvwN"
1640966440000,"OsvQE6JJZH"
1640966441000,"n81iM5pEAx"
1640966442000,"H3tmOUtb31"
1640966443000,"J4aODLuVoP"
1640966444000,"z13aQmzjcF"
1640966445000,"gCqQsPIEks"
1640966446000,"wYDOwf2jX8"
1640966447000,"fFD4gK1g9G"
1640966448000,"rjF2DrXrpF"
1640966449000,"IGAFvPMQyW"
1640966450000,"9iM56VadfE"
1640966451000,"d9q4xi0dYj"
1640966452000,"8ClbNkwu9z"
1640966453000,"Aw639hj0il"
1640966454000,"ZHPuRwsf67"
1640966455000,"8UhtdAIah5"
1640966456000,"fsE7O7cceG"
1640966457000,"gnyaXdmA2L"
1640966458000,"9XHoNUt6mD"
1640966459000,"banRilSXdq"
1640966460000,"Ub4nKGja1g"
1640966461000,"1Uy0vtR5ZB"
1640966462000,"P37Xwqyj1J"
1640966463000,"mHVYFATVHD"
1640966464000,"PiHrSqSqdv"
1640966465000,"HGy87g1VuR"
1640966466000,"wOL1ojCLKZ"
1640966467000,"lFTcvuZNhL"
1640966468000,"28Jvim7WF4"
1640966469000,"Cq9rte50x7"
1640966470000,"DrVmERsnsp"
1640966471000,"gy9OhuZmNI"
1640966472000,"RM0yUZ1oxD"
1640966473000,"JCr5DFz67V"
1640966474000,"Qa8WQMi6vm"
1640966475000,"ClM58wVKzh"
1640966476000,"1xNoFOT1m8"
1640966477000,"pMlNB06vO3"
1640966478000,"ZnEuBGzYcH"
1640966479000,"02VLciMAYm"
1640966480000,"irT4ACsqjH"
1640966481000,"h6hfNQeLpx"
1640966482000,"jf7K7NZilj"
1640966483000,"tv9FJxs8mK"
1640966484000,"AusYMoREto"
1640966485000,"lpWQzn59pG"
1640966486000,"aMAffkgsqW"
1640966487000,"4ElYaNxqXM"
1640966488000,"8wC6loHgxF"
1640966489000,"DuWW9fc4ol"
1640966490000,"zRabMXDMGl"
1640966491000,"DjpGCVZ1fb"
1640966492000,"a1lSkyDszy"
1640966493000,"ntj3yydL9v"
1640966494000,"9VDf8mtNHR"
1640966495000,"hdwVD7zDWn"
1640966496000,"hTnURiOQCl"
1640966497000,"GkChX8mlvF"
1640966498000,"8TiKuvxRMk"
1640966499000,"56gTQGcMAY"
